<?xml version="1.0" encoding="UTF-8"?>
<!DOCTYPE mapper PUBLIC "-//mybatis.org//DTD Mapper 3.0//EN" "http://mybatis.org/dtd/mybatis-3-mapper.dtd">
 
<mapper namespace="phl/common">
	
	<!-- 공통코드 -->
    <select id="selectCommCode" parameterType="hashmap" resultType="hashmap">
    	SELECT CMMN_CODE
    	 	  ,CL_CODE
    	 	  ,DETAIL_CODE
    	 	  ,DETAIL_CODE_NM
    	  FROM PKHL_SYS_CMMN_CODE
    	 WHERE 1=1
    	   AND USE_YN = 'Y'
   		   AND BSNS_CODE = #{bsnsCode}
   		   <if test="clCode != null" >
   		   	AND CL_CODE = #{clCode}
   		   </if>
   		   <if test="notDetailCode != null" >
   		   	AND DETAIL_CODE NOT IN (${notDetailCode})
   		   </if>
    </select>
    
    <!--  -->
    <select id="selectCommCodeOne" parameterType="hashmap" resultType="java.lang.String">
    	SELECT DETAIL_CODE_NM
    	FROM PKHL_SYS_CMMN_CODE
    	 WHERE 1=1
    	   AND USE_YN = 'Y'
   		   AND BSNS_CODE = #{bsnsCode}
   		   AND CMMN_CODE = #{cmmnCode}
    </select>
    
    <!--  menuListDept2 ( 공통 - 메뉴조회 (2dept) ) 2018.12.31 LJG  -->
    <select id="menuListDept2" parameterType="hashmap" resultType="hashmap">
    	SELECT 1 AS MENU_LEVEL
    		  ,T1.MENU_CD	
    		  ,T1.UPPER_MENU_CD
    		  ,T1.MENU_NM
    		  ,T1.MENU_TY_CD
    		  ,T1.ORDR
    		  ,T1.MENU_LINK
    	FROM PKHL_SYS_MENU T1
    	WHERE 1=1
    	  AND NOT EXISTS (SELECT 1 FROM PKHL_SYS_MENU WHERE MENU_CD = T1.UPPER_MENU_CD)
    	  AND T1.USE_YN = 'Y'
    	  AND T1.BSNS_CODE = #{bsnsCode}
    	  
	   	UNION ALL
	   	
	    SELECT 2 AS MENU_LEVEL
			  ,T2.MENU_CD
	   	      ,T2.UPPER_MENU_CD
	   	      ,T2.MENU_NM
	   	      ,T2.MENU_TY_CD
	   	      ,T1.ORDR
	   	      ,T2.MENU_LINK
	   	  FROM PKHL_SYS_MENU T1
	   	      ,PKHL_SYS_MENU T2
	   	  WHERE 1=1
	   	    AND NOT EXISTS (SELECT 1 FROM PKHL_SYS_MENU WHERE MENU_CD = T1.UPPER_MENU_CD)
	   	    AND T1.MENU_CD = T2.UPPER_MENU_CD 
	   	    AND T1.BSNS_CODE = T2.BSNS_CODE
		    	 AND T1.BSNS_CODE = #{bsnsCode}
				 AND T1.USE_YN = 'Y'
				 AND T2.USE_YN = 'Y'
	   ORDER BY ORDR ASC, MENU_CD
    </select>
    
    <!--  menuListDept3 ( 공통 - 메뉴조회 (3dept) ) 2018.12.31 LJG  -->
    <select id="menuListDept3" parameterType="hashmap" resultType="hashmap">
    	SELECT 1 AS MENU_LEVEL
    		  ,T1.MENU_CD	
    		  ,T1.UPPER_MENU_CD
    		  ,T1.MENU_NM
    		  ,T1.MENU_TY_CD
    		  ,T1.ORDR
    		  ,T1.MENU_LINK
    	FROM PKHL_SYS_MENU T1
    	WHERE 1=1
    	  AND NOT EXISTS (SELECT 1 FROM PKHL_SYS_MENU WHERE MENU_CD = T1.UPPER_MENU_CD)
    	  AND T1.USE_YN = 'Y'
    	  AND T1.BSNS_CODE = #{bsnsCode}
    	  
	   	UNION ALL
	   	
	    SELECT 2 AS MENU_LEVEL
			  ,T2.MENU_CD
	   	      ,T2.UPPER_MENU_CD
	   	      ,T2.MENU_NM
	   	      ,T2.MENU_TY_CD
	   	      ,T1.ORDR
	   	      ,T2.MENU_LINK
	   	  FROM PKHL_SYS_MENU T1
	   	      ,PKHL_SYS_MENU T2
	   	  WHERE 1=1
	   	    AND NOT EXISTS (SELECT 1 FROM PKHL_SYS_MENU WHERE MENU_CD = T1.UPPER_MENU_CD)
	   	    AND T1.MENU_CD = T2.UPPER_MENU_CD 
	   	    AND T1.BSNS_CODE = T2.BSNS_CODE
    	 	AND T1.BSNS_CODE = #{bsnsCode}
		 	AND T1.USE_YN = 'Y'
		  	AND T2.USE_YN = 'Y'
				 
		UNION ALL
	   	
	    SELECT 3 AS MENU_LEVEL
			  ,T3.MENU_CD
	   	      ,T3.UPPER_MENU_CD
	   	      ,T3.MENU_NM
	   	      ,T3.MENU_TY_CD
	   	      ,T1.ORDR
	   	      ,T3.MENU_LINK
	   	  FROM PKHL_SYS_MENU T1
	   	      ,PKHL_SYS_MENU T2
	   	      ,PKHL_SYS_MENU T3
	   	  WHERE 1=1
	   	    AND NOT EXISTS (SELECT 1 FROM PKHL_SYS_MENU WHERE MENU_CD = T1.UPPER_MENU_CD)
	   	    AND T1.MENU_CD 	 = T2.UPPER_MENU_CD 
	   	    AND T1.BSNS_CODE = T2.BSNS_CODE
	   	    AND T2.MENU_CD 	 = T3.UPPER_MENU_CD 
	   	    AND T2.BSNS_CODE = T3.BSNS_CODE
	    	AND T1.BSNS_CODE = #{bsnsCode}
			AND T1.USE_YN = 'Y'
			AND T2.USE_YN = 'Y'
			AND T3.USE_YN = 'Y'
	   ORDER BY ORDR ASC, MENU_CD
    </select>
    
    <!--  downloadFile ( 공통 - 파일다운로드 ) 2018.12.31 LJG  -->
    <select id="downloadFile" parameterType="hashmap" resultType="hashmap">
    	SELECT BSNS_CODE
		      ,FL_SN
		      ,ORIGIN_FL_NM
		      ,FL_NM
		      ,FL_PATH
		FROM BSNS_FL
		WHERE 1=1
		  AND BSNS_CODE = #{bsnsCode}
		  <if test="flSn != null">
		  AND FL_SN		= #{flSn}
		  </if>
    </select>
</mapper>