<?xml version="1.0" encoding="UTF-8"?>
<beans 
	xmlns="http://www.springframework.org/schema/beans" 
    xmlns:xsi="http://www.w3.org/2001/XMLSchema-instance"
    xmlns:aop="http://www.springframework.org/schema/aop" 
    xmlns:p="http://www.springframework.org/schema/p"
    xmlns:tx="http://www.springframework.org/schema/tx"
    xsi:schemaLocation="http://www.springframework.org/schema/beans 
    					http://www.springframework.org/schema/beans/spring-beans-3.0.xsd
                        http://www.springframework.org/schema/jdbc  
                        http://www.springframework.org/schema/jdbc/spring-jdbc-3.0.xsd
                        http://www.springframework.org/schema/tx 
                        http://www.springframework.org/schema/tx/spring-tx.xsd
                        http://www.springframework.org/schema/aop
                        http://www.springframework.org/schema/aop/spring-aop.xsd
                        http://www.springframework.org/schema/task
                        http://www.springframework.org/schema/task/spring-task.xsd">
    <bean id="dataSourceSpied" class="org.apache.commons.dbcp.BasicDataSource" destroy-method="close">
        <property name="driverClassName" value="com.mysql.jdbc.Driver"/>
        
        <!-- 주석치며 사용 -->
        
        <!-- 운영 서버 -->
        <!-- <property name="url" value="jdbc:mysql://211.233.62.126:3306/pkhl2?characterEncoding=utf8&amp;useSSL=false&amp;autoReconnection=true"/>
        <property name="username" value="pkhl2"/> -->
        
        <!-- 테스트 서버 -->
        <property name="url" value="jdbc:mysql://211.233.62.126:3306/pkhledu?characterEncoding=utf8&amp;useSSL=false&amp;autoReconnection=true"/>
        <property name="username" value="pkhledu"/>
        
        <property name="password" value="kosta88!"/>
        <property name="defaultAutoCommit" value="true" />
		<!-- validationQuery:유효 검사용 쿼리( 1개 이상의 row를 반환하는 쿼리를 넣어주면 된다. ) -->
		<property name="validationQuery" value="select 1"/>
		<!-- testWhileIdle:컨넥션이 놀고 있을때  validationQuery 를 이용해서 유효성 검사를 할지 여부. -->
		<property name="testWhileIdle" value="true"/>
		<!-- timeBetweenEvictionRunsMillis:해당 밀리초마다 validationQuery 를 이용하여 유효성 검사 진행 -->
		<property name="timeBetweenEvictionRunsMillis" value="7200000"/>
    </bean>
    
    <bean id="dataSource" class="net.sf.log4jdbc.Log4jdbcProxyDataSource">
        <constructor-arg ref="dataSourceSpied" />
        <property name="logFormatter">
            <bean class="net.sf.log4jdbc.tools.Log4JdbcCustomFormatter">
                <property name="loggingType" value="MULTI_LINE" />
                <property name="sqlPrefix" value="SQL         :  "/>
            </bean>
        </property>
    </bean>

	<!-- Transaction Manager --> 
	<bean id="transactionManager" class="org.springframework.jdbc.datasource.DataSourceTransactionManager"> 
		<property name="dataSource" ref="dataSource"/>
	</bean>
	
	<aop:config proxy-target-class="true">
		<aop:pointcut id="txAdvisePointCut" 	expression="execution(* com.*..service.*ServiceImpl.*(..))" />
		<aop:advisor  id="transactionAdvisor" 	pointcut-ref="txAdvisePointCut" 	advice-ref="txAdvice"/>
	</aop:config>
	 
	<tx:advice id="txAdvice" transaction-manager="transactionManager">
		<tx:attributes>
			<tx:method name="*" rollback-for="Exception"/> 
		</tx:attributes>
	</tx:advice>
	
	<tx:annotation-driven transaction-manager="transactionManager" /> 

</beans>
