<?xml version="1.0" encoding="UTF-8"?>
<!DOCTYPE mapper PUBLIC "-//mybatis.org//DTD Mapper 3.0//EN" "http://mybatis.org/dtd/mybatis-3-mapper.dtd">
 
<mapper namespace="a0000006/board">

	<!-- /*********************************************************************/ -->
	<!-- /****************************** 책 소 개 시작  ******************************/ -->
	
	<!-- 책소개 > 조회 > Count -->
	<select id="bookListCnt" parameterType="hashmap" resultType="java.lang.Integer">
		SELECT COUNT(AA.BOARD_SN)
		FROM BSNS_BOARD	AA							/* 업체_게시판 */
		     LEFT OUTER JOIN BSNS_BOARD_BOOK AB		/* 업체_게시판_책소개 */
			  ON AA.BSNS_CODE = AB.BSNS_CODE
		     AND AA.BOARD_SN  = AB.BOARD_SN
		     LEFT OUTER JOIN BSNS_BOARD_IMG	AC		/* 업체_게시판_이미지 */
		      ON AA.BSNS_CODE = AC.BSNS_CODE
		     AND AA.BOARD_SN  = AC.BOARD_SN
		     AND AC.USE_YN = 'Y'
		WHERE 1=1
		  AND AA.USE_YN = 'Y'
		  AND AA.BSNS_CODE = #{bsnsCode}
		  AND AA.BOARD_GBN_CD = #{boardGbnCd}
		  <if test="searchSelect != '' or searchSelect != null">
		  	<choose>
			 	<when test='searchSelect == "searchSubject"'>
			 		AND AA.SUBJECT LIKE CONCAT('%',#{searchWord},'%')
			 	</when>
			 	<when test='searchSelect == "searchContent"'>
			 		AND AA.CONTENT LIKE CONCAT('%',#{searchWord},'%')
			 	</when>
			 	<when test='searchSelect == "searchSubCon"'>
			 		AND CONCAT(AA.SUBJECT, AA.CONTENT) LIKE CONCAT('%',#{searchWord},'%')
			 	</when>
			 	<when test='searchSelect == "searchWriter"'>
			 		AND AB.BOOK_WRITER LIKE CONCAT('%',#{searchWord},'%')
			 	</when>
			 	<when test='searchSelect == "searchPublisher"'>
			 		AND AB.BOOK_PUBLISHER LIKE CONCAT('%',#{searchWord},'%')
			 	</when>
		  	</choose>
		  </if>
	</select>
	
	
	<!-- 책소개 > 조회  -->
	<select id="bookList" parameterType="hashmap" resultType="hashmap">
		SELECT AA.BSNS_CODE			/* 업체_코드 */
			  ,AA.BOARD_SN			/* 게시판_일련번호*/
			  ,AA.BOARD_GBN_CD		/* 게시판_구분_코드 */
			  ,(SELECT PSCC.DETAIL_CODE_NM 
			  	  FROM PKHL_SYS_CMMN_CODE PSCC
			  	 WHERE 1=1
			  	   AND PSCC.USE_YN = 'Y'
			  	   AND PSCC.BSNS_CODE = AA.BSNS_CODE
			  	   AND PSCC.CMMN_CODE = AA.BOARD_GBN_CD
			   ) AS BOARD_GBN_CD_NM /* 게시판_구분_코드_명 */
			  ,AA.SUBJECT			/* 제목 */
			  ,AA.CONTENT			/* 내용 */
			  ,AA.HIT_COUNT			/* 조회 수 */
			  ,AA.LIKE_COUNT		/* 좋아요 수 */
			  ,AB.BOOK_WRITER		/* 책_지은이 */
			  ,AB.BOOK_PUBLISHER 	/* 책_출판사 */
			  ,AB.BOOK_PRICE		/* 책_가격 */
			  ,AC.BOARD_FL_SN		/* 게시판_이미지_일련번호 */
			  ,AC.ORIGIN_FL_NM		/* 원본_이미지_명 */
			  ,AC.FL_NM				/* 이미지_명 */
			  ,AC.FL_PATH			/* 이미지_경로 */
		FROM BSNS_BOARD	AA							/* 업체_게시판 */
		      LEFT OUTER JOIN BSNS_BOARD_BOOK AB	/* 업체_게시판_책소개 */
			  ON AA.BSNS_CODE = AB.BSNS_CODE
		     AND AA.BOARD_SN  = AB.BOARD_SN
		     LEFT OUTER JOIN BSNS_BOARD_IMG	AC		/* 업체_게시판_이미지 */
		      ON AA.BSNS_CODE = AC.BSNS_CODE
		     AND AA.BOARD_SN  = AC.BOARD_SN
		     AND AC.USE_YN = 'Y'
		WHERE 1=1
		  AND AA.USE_YN = 'Y'
		  AND AA.BSNS_CODE = #{bsnsCode}
		  AND AA.BOARD_GBN_CD = #{boardGbnCd}
		  
		  <if test="searchSelect != '' or searchSelect != null">
		  	<choose>
			 	<when test='searchSelect == "searchSubject"'>
			 		AND AA.SUBJECT LIKE CONCAT('%',#{searchWord},'%')
			 	</when>
			 	<when test='searchSelect == "searchContent"'>
			 		AND AA.CONTENT LIKE CONCAT('%',#{searchWord},'%')
			 	</when>
			 	<when test='searchSelect == "searchSubCon"'>
			 		AND CONCAT(AA.SUBJECT, AA.CONTENT) LIKE CONCAT('%',#{searchWord},'%')
			 	</when>
			 	<when test='searchSelect == "searchWriter"'>
			 		AND AB.BOOK_WRITER LIKE CONCAT('%',#{searchWord},'%')
			 	</when>
			 	<when test='searchSelect == "searchPublisher"'>
			 		AND AB.BOOK_PUBLISHER LIKE CONCAT('%',#{searchWord},'%')
			 	</when>
		  	</choose>
		  </if>
		  
		<choose>
			<when test="selectWhere == 'main'">
				ORDER BY AA.LIKE_COUNT DESC
				        ,AA.BOARD_SN DESC
				LIMIT 0, 2
			</when>
			<otherwise>
				ORDER BY AA.BOARD_SN DESC
				LIMIT #{limitFirst}, #{limitSecond}
			</otherwise>
		</choose>
	</select>


	<!-- 책소개 > 상세  폼 -->
	<select id="bookView" parameterType="hashmap" resultType="hashmap">
		SELECT AA.BSNS_CODE			/* 업체_코드 */
			  ,AA.BOARD_SN			/* 게시판_일련번호*/
			  ,AA.BOARD_GBN_CD		/* 게시판_구분_코드 */
			  ,AA.SUBJECT			/* 제목 */
			  ,AA.CONTENT			/* 내용 */
			  ,AA.HIT_COUNT			/* 조회 수 */
			  ,AA.LIKE_COUNT		/* 좋아요 수 */
			  ,AA.REG_ID			/* 등록_ID */
			  ,AB.BOOK_WRITER		/* 책_지은이 */
			  ,AB.BOOK_PUBLISHER 	/* 책_출판사 */
			  ,AB.BOOK_PRICE		/* 책_가격 */
			  ,AC.BOARD_FL_SN		/* 게시판_이미지_일련번호 */
			  ,AC.ORIGIN_FL_NM		/* 원본_이미지_명 */
			  ,AC.FL_NM				/* 이미지_명 */
			  ,AC.FL_PATH			/* 이미지_경로 */
			  ,AD.MEM_ID			/* 회원_ID */
		  	  ,AD.LIKE_YN			/* 좋아요_사용여부 */
		  	  ,(SELECT BM.MEM_NM
			    FROM BSNS_MEMBER BM
			    WHERE 1=1
			      AND BM.USE_YN = 'Y'
			      AND BM.BSNS_CODE = AA.BSNS_CODE
			      AND BM.MEM_ID = AA.REG_ID) AS MEM_NM 		/* 회원_명 */
			  ,DATE_FORMAT(AA.REG_DT,'%Y. %m. %d. %H:%i') AS REG_DT	/* 등록_일시 */
		FROM BSNS_BOARD	AA							/* 업체_게시판 */
		     LEFT OUTER JOIN BSNS_BOARD_BOOK AB		/* 업체_게시판_책소개 */
			  ON AA.BSNS_CODE = AB.BSNS_CODE
		     AND AA.BOARD_SN  = AB.BOARD_SN
		     LEFT OUTER JOIN BSNS_BOARD_IMG	AC		/* 업체_게시판_이미지 */
		      ON AA.BSNS_CODE = AC.BSNS_CODE
		     AND AA.BOARD_SN  = AC.BOARD_SN
		     AND AC.USE_YN = 'Y'
		     LEFT OUTER JOIN BSNS_BOARD_LIKE AD		/* 업체_게시판_좋아요 */
	      	ON AA.BSNS_CODE = AD.BSNS_CODE
	     	  AND AA.BOARD_SN  = AD.BOARD_SN
	     	  AND AD.MEM_ID = #{sessionId}
		WHERE 1=1
		  AND AA.USE_YN = 'Y'
		  AND AA.BSNS_CODE = #{bsnsCode}
		  <if test='moveBoardSn == null'>
		  AND AA.BOARD_SN  = #{boardSn}
		  </if>
		  <if test='moveBoardSn != null'>
		  AND AA.BOARD_SN  = #{moveBoardSn}
		  </if>
	</select>	
	

	<!-- 책소개 > 등록 -->
	<insert id="insertBook" parameterType="hashmap">
			INSERT INTO BSNS_BOARD(
				 BSNS_CODE
				,BOARD_GBN_CD
				,SUBJECT
				,CONTENT
				,REG_ID
				,REG_DT
			)VALUES(
				 #{bsnsCode}
				,#{boardGbnCd}
				,#{subject}
				,#{editor}
				,#{sessionId}
				,now()
			)
	</insert>
	
	
	<!-- 책소개 > 등록 (상세)-->
	<insert id="insertBookDetail" parameterType="hashmap">
		INSERT INTO BSNS_BOARD_BOOK(
			 BSNS_CODE
			,BOARD_SN
			,BOOK_WRITER
			,BOOK_PUBLISHER
			,BOOK_PRICE
			,REG_ID
			,REG_DT
		)VALUES(
			 #{bsnsCode}
			,#{boardSn}
			,#{bookWriter}
			,#{bookPublisher}
			,#{bookPrice}
			,#{sessionId}
			,now()
		)
	</insert>
	
	
	<!-- 책소개 > 수정 -->
	<update id="updateBook"  parameterType="hashmap">
		UPDATE BSNS_BOARD AA 					/* 업체_게시판 */
			   INNER JOIN BSNS_BOARD_BOOK AB	/* 업체_게시판_책소개 */
			    ON AA.BSNS_CODE = AB.BSNS_CODE
			   AND AA.BOARD_SN  = AB.BOARD_SN
		   SET AA.SUBJECT 		= #{subject}
		      ,AA.CONTENT 		= #{editor}
		      ,AB.BOOK_WRITER 	= #{bookWriter}
		      ,AB.BOOK_PUBLISHER= #{bookPublisher}
		      ,AB.BOOK_PRICE	= #{bookPrice}
		      ,AA.MOD_ID 		= #{sessionId}
		      ,AA.MOD_DT 		= now()
		      ,AB.MOD_ID 		= #{sessionId}
		      ,AB.MOD_DT 		= now()
		 WHERE 1=1
		   AND AA.BSNS_CODE = #{bsnsCode}
		   AND AA.BOARD_SN  = #{boardSn}
	</update>
	
	
	<!-- 책소개 > 삭제 -->
	<update id="deleteBook"  parameterType="hashmap">
		UPDATE BSNS_BOARD
		   SET USE_YN = 'N'
			  ,MOD_ID = #{sessionId}
		      ,MOD_DT = now()
		 WHERE 1=1
		   AND BSNS_CODE = #{bsnsCode}
		   AND BOARD_SN  = #{boardSn}
	</update>
	
	
	<!-- 책소개 > 좋아요 Count -->
	<update id="bookLikeCount" parameterType="hashmap">
		UPDATE BSNS_BOARD
		SET 
			<if test='saveLike eq "Y"'>	LIKE_COUNT = LIKE_COUNT + 1 </if>
			<if test='saveLike eq "N"'>	LIKE_COUNT = LIKE_COUNT - 1 </if>
		WHERE 1=1
		  AND BSNS_CODE = #{bsnsCode}
		  AND BOARD_SN  = #{boardSn}
	</update>
	
	
	<!-- 책소개 > 좋아요 등록/수정 -->
	<insert id="bookLikeHistory" parameterType="hashmap">
		INSERT INTO BSNS_BOARD_LIKE(
			 BSNS_CODE
			,BOARD_SN
			,MEM_ID
			,LIKE_YN
			,REG_ID
			,REG_DT
			,MOD_ID
			,MOD_DT
		)VALUES(
			 #{bsnsCode}
			,#{boardSn}
			,#{sessionId}
			,#{saveLike}
			,#{sessionId}
			,now()
			,#{sessionId}
			,now()
		)
		ON DUPLICATE KEY 
		UPDATE 	LIKE_YN = #{saveLike},
				MOD_ID 	= #{sessionId},
				MOD_DT	= now()
	</insert>
	
	
	<!-- /****************************** 책 소 개 종료  ******************************/ -->
	<!-- /*********************************************************************/ -->
	
	
	<!-- /*********************************************************************/ -->
	<!-- /********************** 자 료 공 통 시작 (교육, 정책, 기타 ) **********************/ -->
	
	<!-- 자료공통 > 조회 > Count -->
	<select id="dataListCnt" parameterType="hashmap" resultType="java.lang.Integer">
		SELECT COUNT(AA.BOARD_SN)
		FROM BSNS_BOARD						AA	/* 업체_게시판 */
		     LEFT OUTER JOIN BSNS_BOARD_FL	AB	/* 업체_게시판_파일 */
		      ON AA.BSNS_CODE = AB.BSNS_CODE
		     AND AA.BOARD_SN  = AB.BOARD_SN
		     AND AB.USE_YN = 'Y'
		WHERE 1=1
		  AND AA.USE_YN = 'Y'
		  AND AA.BSNS_CODE = #{bsnsCode}
		  AND AA.BOARD_GBN_CD = #{boardGbnCd}
		  <if test="searchSelect != '' or searchSelect != null">
		  	<choose>
			 	<when test='searchSelect == "searchSubject"'>
			 		AND AA.SUBJECT LIKE CONCAT('%',#{searchWord},'%')
			 	</when>
			 	<when test='searchSelect == "searchContent"'>
			 		AND AA.CONTENT LIKE CONCAT('%',#{searchWord},'%')
			 	</when>
			 	<when test='searchSelect == "searchSubCon"'>
			 		AND CONCAT(AA.SUBJECT, AA.CONTENT) LIKE CONCAT('%',#{searchWord},'%')
			 	</when>
		  	</choose>
		  </if>
	</select>
	
	<!-- 자료공통 > 조회  -->
	<select id="dataList" parameterType="hashmap" resultType="hashmap">
		SELECT AA.BSNS_CODE			/* 업체_코드 */
			  ,AA.BOARD_SN			/* 게시판_일련번호 */
			  ,AA.BOARD_GBN_CD		/* 게시판_구분_코드 */
			  ,(SELECT PSCC.DETAIL_CODE_NM 
			  	  FROM PKHL_SYS_CMMN_CODE PSCC
			  	 WHERE 1=1
			  	   AND PSCC.USE_YN = 'Y'
			  	   AND PSCC.BSNS_CODE = AA.BSNS_CODE
			  	   AND PSCC.CMMN_CODE = AA.BOARD_GBN_CD
			   ) AS BOARD_GBN_CD_NM	/* 게시판_구분_코드_명 */
			  ,AA.SUBJECT			/* 제목 */
			  ,AA.CONTENT			/* 내용 */
			  ,AA.HIT_COUNT			/* 조회수 */
			  ,AB.BOARD_FL_SN		/* 게시판_파일_일련번호 */
			  ,AB.ORIGIN_FL_NM		/* 파일_원본_명 */
			  ,AB.FL_NM				/* 파일_명 */
			  ,AB.FL_PATH			/* 파일_경로 */
		FROM BSNS_BOARD						AA	/* 업체_게시판 */
		     LEFT OUTER JOIN BSNS_BOARD_FL	AB	/* 업체_게시판_파일 */
		      ON AA.BSNS_CODE = AB.BSNS_CODE
		     AND AA.BOARD_SN  = AB.BOARD_SN
		     AND AB.USE_YN = 'Y'
		WHERE 1=1
		  AND AA.USE_YN = 'Y'
		  AND AA.BSNS_CODE = #{bsnsCode}
		  AND AA.BOARD_GBN_CD = #{boardGbnCd}
		  <if test="searchSelect != '' or searchSelect != null">
		  	<choose>
			 	<when test='searchSelect == "searchSubject"'>
			 		AND AA.SUBJECT LIKE CONCAT('%',#{searchWord},'%')
			 	</when>
			 	<when test='searchSelect == "searchContent"'>
			 		AND AA.CONTENT LIKE CONCAT('%',#{searchWord},'%')
			 	</when>
			 	<when test='searchSelect == "searchSubCon"'>
			 		AND CONCAT(AA.SUBJECT,AA.CONTENT) LIKE CONCAT('%',#{searchWord},'%')
			 	</when>
		  	</choose>
		  </if>
		ORDER BY AA.BOARD_SN DESC
		LIMIT #{limitFirst}, #{limitSecond}
	</select>
	
	<!-- 자료공통 > 상세 폼  -->
	<select id="dataView" parameterType="hashmap" resultType="hashmap">
		SELECT AA.BSNS_CODE			/* 업체_코드 */
			  ,AA.BOARD_SN			/* 게시판_일련번호 */
			  ,AA.BOARD_GBN_CD		/* 게시판_구분_코드 */
			  ,AA.SUBJECT			/* 제목 */
			  ,AA.CONTENT			/* 내용 */
			  ,AA.HIT_COUNT			/* 조회 수 */
			  ,AA.REG_ID			/* 등록_ID */
			  ,AB.BOARD_FL_SN		/* 게시판_파일_일련번호 */
			  ,AB.ORIGIN_FL_NM		/* 원본_파일_명 */
			  ,AB.FL_NM				/* 파일_명 */
			  ,AB.FL_PATH			/* 파일_경로 */
			  ,(SELECT BM.MEM_NM
			    FROM BSNS_MEMBER BM
			    WHERE 1=1
			      AND BM.USE_YN = 'Y'
			      AND BM.BSNS_CODE = AA.BSNS_CODE
			      AND BM.MEM_ID = AA.REG_ID) AS MEM_NM 		/* 회원_명 */
			  ,DATE_FORMAT(AA.REG_DT,'%Y. %m. %d. %H:%i') AS REG_DT	/* 등록_일시 */	
		FROM BSNS_BOARD						AA	/* 업체_게시판 */
		     LEFT OUTER JOIN BSNS_BOARD_FL	AB	/* 업체_게시판_파일 */
		      ON AA.BSNS_CODE = AB.BSNS_CODE
		     AND AA.BOARD_SN  = AB.BOARD_SN
		     AND AB.USE_YN = 'Y'
		WHERE 1=1
		  AND AA.USE_YN = 'Y'
		  AND AA.BSNS_CODE = #{bsnsCode}
		  <if test='moveBoardSn == null'>
		  AND AA.BOARD_SN  = #{boardSn}
		  </if>
		  <if test='moveBoardSn != null'>
		  AND AA.BOARD_SN  = #{moveBoardSn}
		  </if>
	</select>	
	
	<!-- 자료공통 > 등록 --> 
	<insert id="insertData" parameterType="hashmap">
		INSERT INTO BSNS_BOARD(
				 BSNS_CODE
				,BOARD_GBN_CD
				,SUBJECT
				,CONTENT
				,REG_DT
				,REG_ID
		)VALUES(
				 #{bsnsCode}
				,#{boardGbnCd}
				,#{subject}
				,#{editor}
				,now()
				,#{sessionId}
			)
	</insert>
	
	<!-- 자료공통 > 수정 -->
	<update id="updateData"  parameterType="hashmap">
		UPDATE BSNS_BOARD
		   SET SUBJECT = #{subject}
		      ,CONTENT = #{editor}
		      ,MOD_DT = now()
		      ,MOD_ID = #{sessionId}
		 WHERE 1=1
		   AND BSNS_CODE = #{bsnsCode}
		   AND BOARD_SN  = #{boardSn}
	</update>
	
	<!-- 자료공통 > 삭제 -->
	<update id="deleteData"  parameterType="hashmap">
		UPDATE BSNS_BOARD
		   SET USE_YN = 'N'
		      ,MOD_DT = now()
		      ,MOD_ID = #{sessionId}
		 WHERE 1=1
		   AND BSNS_CODE = #{bsnsCode}
		   AND BOARD_SN  = #{boardSn}
	</update>
	
	<!-- /********************** 자 료 공 통 종료 (교육, 정책, 기타 ) **********************/ -->
	<!-- /*********************************************************************/ -->

	
	<!-- /*********************************************************************/ -->
	<!-- /****************************** 게시판 공통 시작  ****************************/ -->
	
	<!-- 게시판 공통 > 일련번호 조회  -->
	<select id="selectboardSn" resultType="java.lang.Integer">
		SELECT LAST_INSERT_ID()
	</select>
	
	<!-- 게시판 공통 > 파일 등록  (파일) -->
	<insert id="insertBoardFl"  parameterType="hashmap">
		INSERT INTO BSNS_BOARD_FL(
			 BSNS_CODE
			,BOARD_SN
			,ORIGIN_FL_NM
			,FL_NM
			,FL_PATH
			,REG_DT
			,REG_ID
		)VALUES(
			 #{bsnsCode}
			,#{boardSn}
			,#{originFlNm}
			,#{flNm}
			,#{flPath}
			,now()
			,#{sessionId}
		)
	</insert>
	
	<!-- 게시판 공통 > 파일 등록  (이미지) -->
	<insert id="insertBoardImg"  parameterType="hashmap">
		INSERT INTO BSNS_BOARD_IMG(
			 BSNS_CODE
			,BOARD_SN
			,ORIGIN_FL_NM
			,FL_NM
			,FL_PATH
			,REG_DT
			,REG_ID
		)VALUES(
			 #{bsnsCode}
			,#{boardSn}
			,#{originFlNm}
			,#{flNm}
			,#{flPath}
			,now()
			,#{sessionId}
		)
	</insert>
	
	
	<!-- 게시판 공통 > 파일 수정 (파일) -->
	<update id="updateBoardFl"  parameterType="hashmap">
		UPDATE BSNS_BOARD_FL
		   SET ORIGIN_FL_NM = #{originFlNm}
		      ,FL_NM 		= #{flNm}
		      ,FL_PATH 		= #{flPath}
		      ,MOD_DT	 	= now()
		      ,MOD_ID 		= #{sessionId}
		 WHERE 1=1 
		   AND BSNS_CODE 	= #{bsnsCode}
		   AND BOARD_SN  	= #{boardSn}
		   AND BOARD_FL_SN 	= #{boardFlSn}
	</update>
	
	<!-- 게시판 공통 > 파일 수정 (이미지) -->
	<update id="updateBoardImg"  parameterType="hashmap">
		UPDATE BSNS_BOARD_IMG
		   SET ORIGIN_FL_NM = #{originFlNm}
		      ,FL_NM 		= #{flNm}
		      ,FL_PATH 		= #{flPath}
		      ,MOD_DT 		= now()
		      ,MOD_ID 		= #{sessionId}
		 WHERE 1=1 
		   AND BSNS_CODE 	= #{bsnsCode}
		   AND BOARD_SN  	= #{boardSn}
		   AND BOARD_FL_SN 	= #{boardFlSn}
	</update>
	
	<!-- 게시판 공통 > 파일 다운로드 > 조회 -->
	<select id="boardFlList" parameterType="hashmap" resultType="hashmap">
		SELECT AA.BSNS_CODE		/* 업체_코드 */
			  ,AA.BOARD_SN		/* 게시판_일련번호 */
			  ,AB.BOARD_FL_SN	/* 게시판_파일_일련번호 */
			  ,AB.ORIGIN_FL_NM	/* 원본_파일_명 */
			  ,AB.FL_NM			/* 파일_명 */
			  ,AB.FL_PATH		/* 파일_경로 */
		FROM BSNS_BOARD 	AA	/* 업체_게시판 */
		    ,BSNS_BOARD_FL 	AB	/* 업체_게시판_파일 */
		WHERE 1=1
		  AND AA.BSNS_CODE = AB.BSNS_CODE
		  AND AA.BOARD_SN  = AB.BOARD_SN
		  AND AA.USE_YN = 'Y'
		  AND AB.USE_YN = 'Y'
		  AND AA.BSNS_CODE = #{bsnsCode}
		  AND AA.BOARD_SN  = #{boardSn}
		  AND AB.BOARD_FL_SN = #{boardFlSn}
	</select>
	
	<!-- /****************************** 게시판 공통 종료  ****************************/ -->
	<!-- /*********************************************************************/ -->
	
</mapper>