<?xml version="1.0" encoding="UTF-8"?>
<!DOCTYPE mapper PUBLIC "-//mybatis.org//DTD Mapper 3.0//EN" "http://mybatis.org/dtd/mybatis-3-mapper.dtd">
 
<mapper namespace="a0000006/open">

	<!-- /*********************************************************************/ -->
	<!-- /****************************** 일   정  시작  ******************************/ -->
	
	
	<!-- 일정 - 리스트 -->
	<select id="scheduleList" parameterType="hashmap" resultType="hashmap">
   
		SELECT   BSNS_CODE
            	, SCHEDULE_SN
            	, SCHEDULE_DT
            	, ST_HOUR
	            , END_HOUR
	            , SUBJECT
	            , CONTENT
	            , REG_DT
	            , REG_ID
	            , MOD_DT
	            , MOD_ID
            
      	FROM   BSNS_SCHEDULE
      	WHERE   1=1
          AND USE_YN = 'Y'
          AND SUBSTR(SCHEDULE_DT,1,4) = #{toYear}
          AND SUBSTR(SCHEDULE_DT,6,2) = #{toMonth}
	</select>

   	<!-- 일정 - 등록 -->
   	<insert id="insertSchedule" parameterType="hashmap">
      	INSERT INTO BSNS_SCHEDULE (
	               	 BSNS_CODE
	               , SCHEDULE_DT
	               , ST_HOUR
	               , END_HOUR
	               , SUBJECT
	               , CONTENT
	               , REG_ID
	               , REG_DT
	               , MOD_ID
	               , MOD_DT
      	) VALUES (
	               	 #{bsnsCode}
	               , #{scheduleDt}
	               , #{stHour}
	               , #{endHour}
	               , #{subject}
	               , #{content}
	               , #{sessionId}
	               , now()
	               , #{sessionId}
	               , now()
       	)
   	</insert>
   
   	<!-- 일정 - 상세 -->
	<select id="viewSchedule" parameterType="hashmap" resultType="hashmap">
		SELECT	BSNS_CODE
				, SCHEDULE_SN
				, SCHEDULE_DT
				, ST_HOUR
				, END_HOUR
				, SUBJECT
				, CONTENT
				, REG_DT
				, REG_ID
				, MOD_DT
				, MOD_ID
		FROM	BSNS_SCHEDULE
		WHERE	1=1
				AND SCHEDULE_SN = #{scheduleSn}
   
	</select>
	
	<!-- 일정 - 수정 -->
	<update id="updateSchedule" parameterType="hashmap">
		UPDATE	BSNS_SCHEDULE
		SET		SCHEDULE_DT = #{scheduleDt}
				, ST_HOUR 	= #{stHour}
				, END_HOUR 	= #{endHour}
				, SUBJECT 	= #{subject}
				, CONTENT 	= #{content}
				, MOD_DT	= now()
				, MOD_ID 	= #{sessionId}
		WHERE	SCHEDULE_SN = #{scheduleSn}	
	</update>
	
	<!-- 일정 - 삭제 -->
	<delete id="deleteSchedule" parameterType="hashmap">
		DELETE	
		FROM	BSNS_SCHEDULE
		WHERE	SCHEDULE_SN = #{scheduleSn}
	</delete>
	
	
	
	<!--  일정 - 기간 별 일정 ( 오늘 / 이번 주 / 이번 달 ) -->
	<select id="selectPeriodSchedule" parameterType="hashmap" resultType="hashmap">
		SELECT  BSNS_CODE
		    	, SCHEDULE_SN
		    	, SCHEDULE_DT
		    	, ST_HOUR
		    	, END_HOUR
		    	, SUBJECT
		FROM BSNS_SCHEDULE
		WHERE 1=1
		  AND USE_YN = 'Y'
		  
		  <if test='searchPeriod == "today"'>
		  AND SCHEDULE_DT = CURDATE()
		  </if>
		  
		  <if test='searchPeriod == "week"'>
		  AND SCHEDULE_DT BETWEEN ADDDATE(CURDATE(), -WEEKDAY(CURDATE()))  
		      			  AND  	  ADDDATE(CURDATE(), 6-WEEKDAY(CURDATE()))
		  </if>
		  
		  <if test='searchPeriod == "month"'>
		  AND SCHEDULE_DT BETWEEN ADDDATE(CURDATE(), 1-DAYOFMONTH(CURDATE())) 
		                  AND 	  LAST_DAY(CURDATE())
          </if>
         ORDER BY SCHEDULE_DT
                 ,SCHEDULE_SN
	</select>
	
	<!-- /****************************** 일   정  종료  ******************************/ -->
	<!-- /*********************************************************************/ -->
	
	
	<!-- /*********************************************************************/ -->
	<!-- /***************************** 자유게시판  시작  *****************************/ -->
	
	<!-- 자유게시판 > 조회 > Count -->
	<select id="freeBoardListCnt" parameterType="hashmap" resultType="java.lang.Integer">
		SELECT COUNT(AA.BOARD_SN)
		FROM BSNS_BOARD	AA							/* 업체_게시판 */
		WHERE 1=1
		  AND AA.USE_YN = 'Y'
		  AND AA.BSNS_CODE = #{bsnsCode}
		  AND AA.BOARD_GBN_CD = #{boardGbnCd}
		  <if test="searchSelect != '' or searchSelect != null">
		  	<choose>
			 	<when test='searchSelect == "searchSubject"'>
			 		AND AA.SUBJECT LIKE CONCAT('%',#{searchWord},'%')
			 	</when>
			 	<when test='searchSelect == "searchContent"'>
			 		AND AA.CONTENT LIKE CONCAT('%',#{searchWord},'%')
			 	</when>
			 	<when test='searchSelect == "searchSubCon"'>
			 		AND CONCAT(AA.SUBJECT, AA.CONTENT) LIKE CONCAT('%',#{searchWord},'%')
			 	</when>
		  	</choose>
		  </if>
	</select>
    
	<!-- 자유게시판 > 조회 -->
	<select id="freeBoardList" parameterType="hashmap" resultType="hashmap">
		SELECT AA.BSNS_CODE			/* 업체_코드 */
			  ,AA.BOARD_SN			/* 게시판_일련번호*/
			  ,AA.BOARD_GBN_CD		/* 게시판_구분_코드 */
			  ,(SELECT PSCC.DETAIL_CODE_NM 
			  	  FROM PKHL_SYS_CMMN_CODE PSCC
			  	 WHERE 1=1
			  	   AND PSCC.USE_YN = 'Y'
			  	   AND PSCC.BSNS_CODE = AA.BSNS_CODE
			  	   AND PSCC.CMMN_CODE = AA.BOARD_GBN_CD
			   ) AS BOARD_GBN_CD_NM /* 게시판_구분_코드_명 */
			  ,AA.SUBJECT			/* 제목 */
			  ,AA.CONTENT			/* 내용 */
			  ,AA.HIT_COUNT			/* 조회 수 */
			  ,AA.LIKE_COUNT		/* 좋아요 수 */
			  ,(SELECT BM.MEM_NM
			    FROM BSNS_MEMBER BM
			    WHERE 1=1
			      AND BM.USE_YN = 'Y'
			      AND BM.BSNS_CODE = AA.BSNS_CODE
			      AND BM.MEM_ID = AA.REG_ID) AS MEM_NM 		/* 회원_명 */
			  ,DATE_FORMAT(AA.REG_DT,'%Y-%m-%d') AS REG_DT	/* 등록_일시 */		
		FROM BSNS_BOARD	AA							/* 업체_게시판 */
		WHERE 1=1
		  AND AA.USE_YN = 'Y'
		  AND AA.BSNS_CODE = #{bsnsCode}
		  AND AA.BOARD_GBN_CD = #{boardGbnCd}
		  <if test="searchSelect != '' or searchSelect != null">
		  	<choose>
			 	<when test='searchSelect == "searchSubject"'>
			 		AND AA.SUBJECT LIKE CONCAT('%',#{searchWord},'%')
			 	</when>
			 	<when test='searchSelect == "searchContent"'>
			 		AND AA.CONTENT LIKE CONCAT('%',#{searchWord},'%')
			 	</when>
			 	<when test='searchSelect == "searchSubCon"'>
			 		AND CONCAT(AA.SUBJECT, AA.CONTENT) LIKE CONCAT('%',#{searchWord},'%')
			 	</when>
		  	</choose>
		  </if>
		ORDER BY AA.BOARD_SN DESC
		LIMIT #{limitFirst}, #{limitSecond}
	</select>
	
	<!-- 자유게시판 > 상세 폼 -->
	<select id="freeBoardView" parameterType="hashmap" resultType="hashmap">
		SELECT AA.BSNS_CODE			/* 업체_코드 */
			  ,AA.BOARD_SN			/* 게시판_일련번호*/
			  ,AA.BOARD_GBN_CD		/* 게시판_구분_코드 */
			  ,AA.SUBJECT			/* 제목 */
			  ,AA.CONTENT			/* 내용 */
			  ,AA.HIT_COUNT			/* 조회 수 */
			  ,AA.REG_ID			/* 등록_ID */
			  ,(SELECT BM.MEM_NM
			    FROM BSNS_MEMBER BM
			    WHERE 1=1
			      AND BM.USE_YN = 'Y'
			      AND BM.BSNS_CODE = AA.BSNS_CODE
			      AND BM.MEM_ID = AA.REG_ID) AS MEM_NM 		/* 회원_명 */
			  ,DATE_FORMAT(AA.REG_DT,'%Y. %m. %d. %H:%i') AS REG_DT	/* 등록_일시 */	
		FROM BSNS_BOARD	AA							/* 업체_게시판 */
		WHERE 1=1
		  AND AA.USE_YN = 'Y'
		  AND AA.BSNS_CODE = #{bsnsCode}
		  <if test='moveBoardSn == null'>
		  AND AA.BOARD_SN  = #{boardSn}
		  </if>
		  <if test='moveBoardSn != null'>
		  AND AA.BOARD_SN  = #{moveBoardSn}
		  </if>
	</select>	
	
	<!-- 자유게시판 > 등록 -->
	<insert id="insertFreeBoard" parameterType="hashmap">
			INSERT INTO BSNS_BOARD(
				 BSNS_CODE
				,BOARD_GBN_CD
				,SUBJECT
				,CONTENT
				,REG_ID
				,REG_DT
			)VALUES(
				 #{bsnsCode}
				,#{boardGbnCd}
				,#{subject}
				,#{editor}
				,#{sessionId}
				,now()
			)
	</insert>
	
	<!-- 자유게시판 > 수정 -->
	<update id="updateFreeBoard"  parameterType="hashmap">
		UPDATE BSNS_BOARD AA 					/* 업체_게시판 */
		   SET AA.SUBJECT 		= #{subject}
		      ,AA.CONTENT 		= #{editor}
		      ,AA.MOD_ID 		= #{sessionId}
		      ,AA.MOD_DT 		= now()
		 WHERE 1=1
		   AND AA.BSNS_CODE = #{bsnsCode}
		   AND AA.BOARD_SN  = #{boardSn}
	</update>
	
	<!-- 자유게시판 > 삭제 -->
	<update id="deleteFreeBoard"  parameterType="hashmap">
		UPDATE BSNS_BOARD
		   SET USE_YN = 'N'
			  ,MOD_ID = #{sessionId}
		      ,MOD_DT = now()
		 WHERE 1=1
		   AND BSNS_CODE = #{bsnsCode}
		   AND BOARD_SN  = #{boardSn}
	</update>
	
	<!-- 자유게시판 > 일련번호 조회 -->
	<select id="selectboardSn" resultType="java.lang.Integer">
		SELECT LAST_INSERT_ID()
	</select>
	
	<!-- /***************************** 자유게시판  종료  *****************************/ -->
	<!-- /*********************************************************************/ -->
</mapper>