<?xml version="1.0" encoding="UTF-8"?>
<!DOCTYPE mapper PUBLIC "-//mybatis.org//DTD Mapper 3.0//EN" "http://mybatis.org/dtd/mybatis-3-mapper.dtd">

<mapper namespace="a0000006/apply">

   <!-- 스케줄 목록 -->
   <select id="applyList" parameterType="hashmap" resultType="hashmap">
   
      SELECT   BSNS_CODE
            , SCHEDULE_SN
            , SCHEDULE_CD
            , SCHEDULE_DT
            , ST_HOUR
            , END_HOUR
            , SUBJECT
            , CONTENT
            , REG_DT
            , REG_ID
            , MOD_DT
            , MOD_ID
            
      FROM   BSNS_SCHEDULE
      WHERE   1=1
            AND USE_YN = 'Y'
            AND SUBSTR(SCHEDULE_DT,1,4) = #{toYear}
            AND SUBSTR(SCHEDULE_DT,6,2) = #{toMonth}
      
   </select>

   <!-- 등록 -->
   <insert id="insertApply" parameterType="hashmap">
      INSERT INTO 
         BSNS_SCHEDULE (
               BSNS_CODE
               , SCHEDULE_CD
               , SCHEDULE_DT
               , ST_HOUR
               , END_HOUR
               , SUBJECT
               , CONTENT
               , REG_ID
               , REG_DT
               , MOD_ID
               , MOD_DT
         ) VALUES (
               
               #{bsnsCode}
               , #{scheduleCd}
               , #{scheduleDt}
               , #{stHour}
               , #{endHour}
               , #{subject}
               , #{content}
               , #{sessionId}
               , now()
               , #{sessionId}
               , now()
         )
   </insert>
   
   <!-- 상세 -->
	<select id="viewApply" parameterType="hashmap" resultType="hashmap">
		SELECT	BSNS_CODE
				, SCHEDULE_SN
				, SCHEDULE_CD
				, SCHEDULE_DT
				, ST_HOUR
				, END_HOUR
				, SUBJECT
				, CONTENT
				, REG_DT
				, REG_ID
				, MOD_DT
				, MOD_ID
		FROM	BSNS_SCHEDULE
		WHERE	1=1
				AND SCHEDULE_SN = #{scheduleSn}
   
	</select>
	
	<!-- 수정 -->
	<update id="updateApply" parameterType="hashmap">
		UPDATE	BSNS_SCHEDULE
		SET		SCHEDULE_DT = #{scheduleDt}
				, ST_HOUR = #{stHour}
				, END_HOUR = #{endHour}
				, SUBJECT = #{subject}
				, CONTENT = #{content}
				, MOD_DT = now()
				, MOD_ID = #{sessionId}
		WHERE	SCHEDULE_SN = #{scheduleSn}	
	</update>
	
	<!-- 삭제 -->
	<delete id="deleteApply" parameterType="hashmap">
		DELETE	
		FROM	BSNS_SCHEDULE
		WHERE	SCHEDULE_SN = #{scheduleSn}
	</delete>
	
	<!-- 대관 장소 목록 -->
	<select id="placeList" parameterType="hashmap" resultType="hashmap">
		SELECT	CMMN_CODE
				, DETAIL_CODE_NM
		FROM	PKHL_SYS_CMMN_CODE
		WHERE	1=1
				AND USE_YN = 'Y'
				AND CL_CODE = 'P01'
		ORDER BY CMMN_CODE
	</select>
	
</mapper>