<sitemesh>  
    <!--  xml 위치 설정  -->  
    <property name="decorators-file" value="/WEB-INF/decorators.xml" />  
    
    <!-- 제외될 파일이 설정된 파일. 해당 파일의 excludes 태그에서 설정  -->  
    <excludes file="${decorators-file}" />  
    
    <!-- text/html 혹은 text/html; charset=UTF-8형인 content-type에 대해서만  파싱  -->  
    <page-parsers>  
        <parser content-type="text/html"  
            class="com.opensymphony.module.sitemesh.parser.HTMLPageParser" />  
        <parser content-type="text/html;charset=UFT-8"  
            class="com.opensymphony.module.sitemesh.parser.HTMLPageParser" />  
    </page-parsers>  
      
    <!-- 데코레이터 매퍼 중에 기본 매퍼인  ConfigDecoratorMapper 만 사용. decorators.xml 설정을 확인후 매핑 결정. -->  
    <decorator-mappers>  
        <mapper class="com.opensymphony.module.sitemesh.mapper.ConfigDecoratorMapper">  
            <param name="config" value="${decorators-file}" />  
        </mapper>  
    </decorator-mappers>  
</sitemesh>
