<?xml version="1.0" encoding="UTF-8"?>

<decorators defaultdir="/decorators">  

	<!-- decorator 적용하지 않을 패턴 -->
	<excludes>
		<pattern>/*.json</pattern>
	</excludes>
    
    
    
    <!-- ************************************************************** --> 
	<!-- 																-->
	<!-- decoBasic 		: Header + Body + Footer						-->
	<!-- decoBasicL 	: Header + Body + Footer + Left					-->
	<!-- decoBasicR 	: Header + Body + Footer + Right				-->
	<!-- decoBasicLR 	: Header + Body + Footer + Left + Right			-->
	<!-- decoEmpty 		: No Decorator									-->
	<!-- 																-->
	<!-- 화면코드_Require	: 화면 필수 정보										-->
	<!-- 화면코드_Header	: 화면 상단 정보										-->
	<!-- 화면코드_Footer	: 화면 하단 정보										-->
	<!-- 화면코드_Left		: 화면 좌 정보										-->
	<!-- 화면코드_Right		: 화면 우 정보										-->
	<!-- 																-->
	<!-- ************************************************************** -->
    
    
    <!-- main decorator ( Header + body + footer ) -->
	<decorator name="indexLayoutHBF" page="/WEB-INF/jsp/a0000006/layout/basicDeco.jsp">
		<pattern>*/a0000006/mainIndex*</pattern>	<!-- main 			-->
	</decorator>
	
	<!-- basic decorator ( Header + LEFT + body + footer ) -->
	<decorator name="indexLayoutHLBF" page="/WEB-INF/jsp/a0000006/layout/basicDecoLeft.jsp">
		<pattern>*/a0000006/intro/*</pattern> 		<!-- 교육나눔꿈두레	-->
		<pattern>*/a0000006/teacher/*</pattern> 	<!-- 교사학교 		-->
		<pattern>*/a0000006/network/*</pattern>		<!-- 네트워크 활동 	-->
		<pattern>*/a0000006/board/*</pattern> 		<!-- 자료실 			-->
		<pattern>*/a0000006/open/*</pattern>		<!-- 열린마당 		-->
		
		<pattern>*/a0000006/member/*</pattern> 		<!-- 회원정보수정		-->
		<pattern>*/a0000006/manage/*</pattern> 		<!-- 관리자			-->
	</decorator>
	
	<!-- no decorator -->
	<decorator name="indexLayoutEmpty" page="/WEB-INF/jsp/a0000006/layout/basicDecoEmpty.jsp">
		<pattern>*/a0000006/iframe*</pattern>
	</decorator>
	
	<!-- TopDefault -->
	<decorator name="topDefault" 	page="/WEB-INF/jsp/a0000006/layout/topDefault.jsp"/>
	<!-- TopLeft 	-->
	<decorator name="topLeft" 		page="/WEB-INF/jsp/a0000006/layout/topLeft.jsp"/>
	<!-- Header 	-->
	<decorator name="header" 		page="/WEB-INF/jsp/a0000006/layout/header.jsp"/>
	<!-- Left 		-->
	<decorator name="left" 			page="/WEB-INF/jsp/a0000006/layout/left.jsp"/>
	<!-- footer 	-->
	<decorator name="footer" 		page="/WEB-INF/jsp/a0000006/layout/footer.jsp"/>
	
	
	
	
	<!-- ************************************************************** --> 
	<!-- 					A0000007 - 두레꿈 학교							-->
	<!-- ************************************************************** -->
	
	<decorator name="decoBasic" page="/WEB-INF/jsp/a0000007/layout/decoBasic.jsp">
		<pattern>*/a0000007/intro/*</pattern>
		<pattern>*/a0000007/counsel/*</pattern>
		<pattern>*/a0000007/program/*</pattern>
		<pattern>*/a0000007/schedule/*</pattern>
		<pattern>*/a0000007/admin*</pattern>
	</decorator>
	
	<decorator name="decoEmpty" page="/WEB-INF/jsp/a0000007/layout/decoEmpty.jsp">
		<pattern>*/a0000007/mainIndex.do</pattern>
		<pattern>*/a0000007/iframe*</pattern>
	</decorator>
	
	<decorator name="A0000007_Require" 	page="/WEB-INF/jsp/a0000007/layout/require.jsp"/>
	<decorator name="A0000007_Header" 	page="/WEB-INF/jsp/a0000007/layout/header.jsp"/>
	<decorator name="A0000007_Footer" 	page="/WEB-INF/jsp/a0000007/layout/footer.jsp"/>
	
</decorators>