<?xml version="1.0" encoding="UTF-8"?>
<!DOCTYPE mapper PUBLIC "-//mybatis.org//DTD Mapper 3.0//EN" "http://mybatis.org/dtd/mybatis-3-mapper.dtd">
 
<mapper namespace="a0000006/manage">
    
    <!-- 회원리스트 Count -->
    <select id="memListCnt" parameterType="hashmap" resultType="java.lang.Integer">
    	SELECT COUNT(*)
    	FROM BSNS_MEMBER
        WHERE 1=1
          AND BSNS_CODE = #{bsnsCode}
          AND MEM_GBN_CD NOT IN ('G01999')
          <if test="searchSelect != '' or searchSelect != null">
			<choose>
				<when test='searchSelect == "searchId"'>
					AND MEM_ID LIKE CONCAT('%',#{searchWord},'%')
				</when>
				<when test='searchSelect == "searchNm"'>
					AND MEM_NM LIKE CONCAT('%',#{searchWord},'%')
				</when>
				<when test='searchSelect == "searchEmail"'>
					AND MEM_EMAIL LIKE CONCAT('%',#{searchWord},'%')
				</when>
				<when test='searchSelect == "searchPhone"'>
					AND MEM_PHONE LIKE CONCAT('%',#{searchWord},'%')
				</when>
				<when test='searchSelect == "searchAuthor"'>
					AND MEM_GBN_CD = #{searchAuthor}
				</when>
				<when test='searchSelect == "searchRemark"'>
					AND USE_YN = #{searchRemark}
				</when>
			</choose>
		  </if>
    </select>
    
    <!-- 회원리스트 -->
    <select id="memList" parameterType="hashmap" resultType="hashmap">
        SELECT  BSNS_CODE
        	  , MEM_SN
        	  , MEM_ID		
			  , MEM_NM		
			  , MEM_EMAIL	
			  , MEM_GBN_CD
			  ,(SELECT DETAIL_CODE_NM
    	 	      FROM PKHL_SYS_CMMN_CODE
    	 	     WHERE 1=1
    	 	       AND USE_YN = 'Y'
    	 	       AND CMMN_CODE = MEM_GBN_CD
    	 	       AND BSNS_CODE = #{bsnsCode}
    	 	  ) AS MEM_GBN_CD_NM	
			  , MEM_PHONE	
			  , USE_YN		  
			  , (CASE WHEN USE_YN = 'Y' THEN '활성화'
			  		  WHEN USE_YN = 'N' THEN '비활성화'
			     	  WHEN USE_YN = 'S' THEN '권한부여 대기중'
			     END ) AS REMARK_NM
        FROM BSNS_MEMBER
        WHERE 1=1
          AND BSNS_CODE = #{bsnsCode}
          AND MEM_GBN_CD NOT IN ('G01999')
          <if test="searchSelect != '' or searchSelect != null">
			<choose>
				<when test='searchSelect == "searchId"'>
					AND MEM_ID LIKE CONCAT('%',#{searchWord},'%')
				</when>
				<when test='searchSelect == "searchNm"'>
					AND MEM_NM LIKE CONCAT('%',#{searchWord},'%')
				</when>
				<when test='searchSelect == "searchEmail"'>
					AND MEM_EMAIL LIKE CONCAT('%',#{searchWord},'%')
				</when>
				<when test='searchSelect == "searchPhone"'>
					AND MEM_PHONE LIKE CONCAT('%',#{searchWord},'%')
				</when>
				<when test='searchSelect == "searchAuthor"'>
					AND MEM_GBN_CD = #{searchAuthor}
				</when>
				<when test='searchSelect == "searchRemark"'>
					AND USE_YN = #{searchRemark}
				</when>
			</choose>
		  </if>
        LIMIT #{limitFirst}, #{limitSecond} 
     </select>
    
    <!-- 활성화/비활성화 수정 -->
	<update id="memActiveYn" parameterType="hashmap">
		UPDATE BSNS_MEMBER
     	SET USE_YN = #{saveremark}
     	   ,MOD_ID = #{sessionId}
     	   ,MOD_DT = now()
     	WHERE 1=1
     	  AND BSNS_CODE = #{bsnsCode}
     	  AND MEM_SN = #{memSn}
	</update>
	
	<!-- 권한 승인/해제 수정-->
	<update id="memAuthorYn" parameterType="hashmap">
		UPDATE BSNS_MEMBER
     	SET	 MOD_ID = #{sessionId}
     	   	,MOD_DT = now()
     	   	<if test='saveremark == "Y"'>
			,USE_YN = #{saveremark}
     	   	</if>
     	   	<if test='saveremark == "S"'>
     	   	,MEM_GBN_CD = 'G01010'
     	   	</if>
     	WHERE 1=1
     	  AND BSNS_CODE = #{bsnsCode}
     	  AND MEM_SN = #{memSn}
	</update>
</mapper>

