<?xml version="1.0" encoding="UTF-8"?>
<!DOCTYPE mapper PUBLIC "-//mybatis.org//DTD Mapper 3.0//EN" "http://mybatis.org/dtd/mybatis-3-mapper.dtd">
 
<mapper namespace="a0000006/member">
    
    <!-- 로그인(ID,PW CHECK) -->
    <select id="idPwCheck" parameterType="hashmap" resultType="hashmap">
    	SELECT CAST(AES_DECRYPT(UNHEX(MEM_PW) , "pkhl") AS CHAR) AS MEM_PW
    	      ,USE_YN
    	FROM BSNS_MEMBER
    	WHERE 1=1
    	  AND MEM_ID = #{memId}
    	  AND BSNS_CODE = #{bsnsCode}
    </select>
    
    <!-- 로그인 정보 -->
    <select id="loginInfo" parameterType="hashmap" resultType="hashmap">
    	SELECT MEM_ID
    	 	  ,MEM_NM
    	 	  ,MEM_GBN_CD
    	FROM BSNS_MEMBER
    	WHERE 1=1
    	  AND USE_YN = 'Y'
    	  AND MEM_ID = #{memId}
    	  AND AES_DECRYPT(UNHEX(MEM_PW), "pkhl") = #{memPw}
    	  AND BSNS_CODE = #{bsnsCode}
    </select>
    
    <!-- 마이페이지 -->
    <select id="memMyPage" parameterType="hashmap" resultType="hashmap">
    	SELECT 
    		  BSNS_CODE
    		  ,MEM_SN
    		  ,MEM_ID
    	 	  ,CAST(AES_DECRYPT(UNHEX(MEM_PW) , "pkhl") AS CHAR) AS MEM_PW
    	 	  ,MEM_NM
    	 	  ,MEM_GBN_CD
    	 	  ,(SELECT DETAIL_CODE_NM
    	 	      FROM PKHL_SYS_CMMN_CODE
    	 	     WHERE 1=1
    	 	       AND USE_YN = 'Y'
    	 	       AND CMMN_CODE = MEM_GBN_CD
    	 	       AND BSNS_CODE = #{bsnsCode}
    	 	  ) AS MEM_GBN_CD_NM
    	 	  ,MEM_EMAIL
    	 	  ,MEM_PHONE
    	FROM BSNS_MEMBER
    	WHERE 1=1
    	  AND USE_YN = 'Y'
    	  AND MEM_ID = #{sessionId}
    	  AND BSNS_CODE = #{bsnsCode}
    </select>
    
    <!-- 회원가입 -->
    <insert id="insertMemRegist" parameterType="hashmap">
    	INSERT INTO BSNS_MEMBER(
    		  BSNS_CODE
    		, MEM_ID
    		, MEM_PW
    		, MEM_NM
    		, MEM_EMAIL
    		, MEM_GBN_CD
    		, MEM_PHONE
    		, REG_DT
    		, REG_ID
    		<if test="memGbnCd == 'G01030'">
    		, USE_YN
			</if>
    	)VALUES(
    		  #{bsnsCode}
    		, #{memId}
    		, HEX(AES_ENCRYPT(#{memPw}, "pkhl"))
    		, #{memNm}
    		, #{memEmail}
    		, #{memGbnCd}
    		, #{memPhone}
    		, now()
    		, #{memId}
    		<if test="memGbnCd == 'G01030'">
    		, 'S'
			</if>
    	)
    </insert>   
    
    <!-- 마이페이지 수정 -->
    <update id="updateMemRegist" parameterType="hashmap">
    	
    	UPDATE BSNS_MEMBER
    	<![CDATA[
    	SET   MEM_PW	= HEX(AES_ENCRYPT(#{memPw}, "pkhl"))
    	]]>
    		, MEM_NM	= #{memNm}
    		, MEM_GBN_CD= #{memGbnCd}
    		, MEM_PHONE	= #{memPhone}
    		, MOD_DT	= now()
    		, MOD_ID	= #{sessionId}
    		<if test="memGbnCd == 'G01030'">
    		, USE_YN	= 'S'
			</if>
    	WHERE 1=1
    	  AND BSNS_CODE = #{bsnsCode}
    	  AND MEM_ID    = #{memId}
    	  AND MEM_SN    = #{memSn}
		
    </update>
    
    <!-- 회원 탈퇴 -->
    <update id="deleteMemRegist" parameterType="hashmap">
    	UPDATE BSNS_MEMBER
    	SET USE_YN = 'N'
    	WHERE 1=1
    	  AND BSNS_CODE = #{bsnsCode}
    	  AND MEM_ID    = #{memId}
    	  AND MEM_SN    = #{memSn}
    </update> 
    
    <!-- 회원 중복체크  -->
	<select id="memDupChk" parameterType="hashmap" resultType="int">
		SELECT COUNT(*) AS CNT
		FROM BSNS_MEMBER
		WHERE 1=1
	      AND BSNS_CODE = #{bsnsCode}
	      <if test="paramName == 'memId'">
	      AND MEM_ID 	= #{paramVal}
	      </if>
	      <if test="paramName == 'memEmail'">
	      AND MEM_EMAIL = #{paramVal} 
	      </if>
	</select>
    
    <select id="memInfoSearch" parameterType="hashmap" resultType="java.lang.String">
    	SELECT 
    			<if test='memSearchGb == "id"'>
    			MEM_ID
    			</if>
				<if test='memSearchGb == "pw"'>
    			CAST(AES_DECRYPT(UNHEX(MEM_PW) , "pkhl") AS CHAR) AS MEM_PW
    			</if>    			
    	  FROM BSNS_MEMBER
    	 WHERE 1=1
    	   AND MEM_NM 		= #{memNm}
    	   <if test='memSearchGb == "id"'>
    	   AND MEM_EMAIL	= #{memEmail}
    	   </if>
    	   
    	   <if test='memSearchGb == "pw"'>
    	   AND MEM_ID		= #{memId}
    	   AND MEM_EMAIL	= #{memEmail}
    	   </if>
    </select>
</mapper>

